{"cameraMode":{"drawMode":0,"name":"Shaded","section":"Shading Mode"},"sceneLighting":true,"audioPlay":false,"sceneViewState":{"showFog":true,"showMaterialUpdate":false,"showSkybox":true,"showFlares":true,"showImageEffects":true,"showParticleSystems":true},"in2DMode":false,"pivot":{"x":-2.2016849517822267,"y":-18.527923583984376,"z":159.03897094726563},"rotation":{"x":-0.13486042618751527,"y":-0.02318691648542881,"z":0.0031566042453050615,"w":-0.9905895590782166},"size":155.3456268310547,"orthographic":false}