{"cameraMode":{"drawMode":0,"name":"Shaded","section":"Shading Mode"},"sceneLighting":true,"audioPlay":false,"sceneViewState":{"showFog":true,"showMaterialUpdate":false,"showSkybox":true,"showFlares":true,"showImageEffects":true,"showParticleSystems":true},"in2DMode":false,"pivot":{"x":-4.968569755554199,"y":0.804482638835907,"z":0.009351670742034912},"rotation":{"x":-0.016880972310900689,"y":0.7192986011505127,"z":-0.017489297315478326,"w":-0.6942773461341858},"size":8.26204776763916,"orthographic":false}